[
  {"district_code":"JH-RN","district_name":"Ranchi","state_code":"JH","total_villages":2456,"geometry":{"type":"Polygon","coordinates":[[[85.1,23.1],[85.6,23.1],[85.6,23.6],[85.1,23.6],[85.1,23.1]]]}},
  {"district_code":"JH-DH","district_name":"Dhanbad","state_code":"JH","total_villages":1456,"geometry":{"type":"Polygon","coordinates":[[[86.2,23.6],[86.7,23.6],[86.7,24.0],[86.2,24.0],[86.2,23.6]]]}},
  {"district_code":"JH-JM","district_name":"Jamshedpur","state_code":"JH","total_villages":1234,"geometry":{"type":"Polygon","coordinates":[[[86.0,22.6],[86.4,22.6],[86.4,23.0],[86.0,23.0],[86.0,22.6]]]}},
  {"district_code":"JH-HZ","district_name":"Hazaribagh","state_code":"JH","total_villages":2134,"geometry":{"type":"Polygon","coordinates":[[[85.2,23.8],[85.7,23.8],[85.7,24.3],[85.2,24.3],[85.2,23.8]]]}},
  
  {"district_code":"MP-BH","district_name":"Bhopal","state_code":"MP","total_villages":1245,"geometry":{"type":"Polygon","coordinates":[[[77.2,23.1],[77.6,23.1],[77.6,23.5],[77.2,23.5],[77.2,23.1]]]}},
  {"district_code":"MP-IN","district_name":"Indore","state_code":"MP","total_villages":1567,"geometry":{"type":"Polygon","coordinates":[[[75.7,22.5],[76.1,22.5],[76.1,22.9],[75.7,22.9],[75.7,22.5]]]}},
  {"district_code":"MP-JB","district_name":"Jabalpur","state_code":"MP","total_villages":1890,"geometry":{"type":"Polygon","coordinates":[[[79.8,22.9],[80.2,22.9],[80.2,23.3],[79.8,23.3],[79.8,22.9]]]}},
  {"district_code":"MP-GW","district_name":"Gwalior","state_code":"MP","total_villages":1432,"geometry":{"type":"Polygon","coordinates":[[[78.0,26.0],[78.4,26.0],[78.4,26.4],[78.0,26.4],[78.0,26.0]]]}},
  
  {"district_code":"CG-RP","district_name":"Raipur","state_code":"CG","total_villages":1678,"geometry":{"type":"Polygon","coordinates":[[[81.4,21.1],[81.8,21.1],[81.8,21.5],[81.4,21.5],[81.4,21.1]]]}},
  {"district_code":"CG-BL","district_name":"Bilaspur","state_code":"CG","total_villages":1234,"geometry":{"type":"Polygon","coordinates":[[[82.0,22.0],[82.4,22.0],[82.4,22.4],[82.0,22.4],[82.0,22.0]]]}},
  {"district_code":"CG-DR","district_name":"Durg","state_code":"CG","total_villages":1456,"geometry":{"type":"Polygon","coordinates":[[[81.2,21.0],[81.6,21.0],[81.6,21.4],[81.2,21.4],[81.2,21.0]]]}},
  {"district_code":"CG-RG","district_name":"Rajnandgaon","state_code":"CG","total_villages":1123,"geometry":{"type":"Polygon","coordinates":[[[80.8,20.9],[81.2,20.9],[81.2,21.3],[80.8,21.3],[80.8,20.9]]]}},
  
  {"district_code":"OR-BB","district_name":"Bhubaneswar","state_code":"OR","total_villages":1890,"geometry":{"type":"Polygon","coordinates":[[[85.7,20.1],[86.1,20.1],[86.1,20.5],[85.7,20.5],[85.7,20.1]]]}},
  {"district_code":"OR-CT","district_name":"Cuttack","state_code":"OR","total_villages":1567,"geometry":{"type":"Polygon","coordinates":[[[85.8,20.4],[86.2,20.4],[86.2,20.8],[85.8,20.8],[85.8,20.4]]]}},
  {"district_code":"OR-BR","district_name":"Berhampur","state_code":"OR","total_villages":1345,"geometry":{"type":"Polygon","coordinates":[[[84.7,19.2],[85.1,19.2],[85.1,19.6],[84.7,19.6],[84.7,19.2]]]}},
  {"district_code":"OR-RK","district_name":"Rourkela","state_code":"OR","total_villages":1234,"geometry":{"type":"Polygon","coordinates":[[[84.7,22.1],[85.1,22.1],[85.1,22.5],[84.7,22.5],[84.7,22.1]]]}},
  
  {"district_code":"MH-MU","district_name":"Mumbai","state_code":"MH","total_villages":987,"geometry":{"type":"Polygon","coordinates":[[[72.8,18.9],[73.0,18.9],[73.0,19.3],[72.8,19.3],[72.8,18.9]]]}},
  {"district_code":"MH-PN","district_name":"Pune","state_code":"MH","total_villages":1456,"geometry":{"type":"Polygon","coordinates":[[[73.7,18.4],[74.1,18.4],[74.1,18.8],[73.7,18.8],[73.7,18.4]]]}},
  {"district_code":"MH-NG","district_name":"Nagpur","state_code":"MH","total_villages":1678,"geometry":{"type":"Polygon","coordinates":[[[79.0,21.0],[79.4,21.0],[79.4,21.4],[79.0,21.4],[79.0,21.0]]]}},
  {"district_code":"MH-NS","district_name":"Nashik","state_code":"MH","total_villages":1234,"geometry":{"type":"Polygon","coordinates":[[[73.7,19.9],[74.1,19.9],[74.1,20.3],[73.7,20.3],[73.7,19.9]]]}},
  
  {"district_code":"GJ-AH","district_name":"Ahmedabad","state_code":"GJ","total_villages":1123,"geometry":{"type":"Polygon","coordinates":[[[72.4,22.9],[72.8,22.9],[72.8,23.3],[72.4,23.3],[72.4,22.9]]]}},
  {"district_code":"GJ-SU","district_name":"Surat","state_code":"GJ","total_villages":1345,"geometry":{"type":"Polygon","coordinates":[[[72.7,21.0],[73.1,21.0],[73.1,21.4],[72.7,21.4],[72.7,21.0]]]}},
  {"district_code":"GJ-VD","district_name":"Vadodara","state_code":"GJ","total_villages":1234,"geometry":{"type":"Polygon","coordinates":[[[73.1,22.2],[73.5,22.2],[73.5,22.6],[73.1,22.6],[73.1,22.2]]]}},
  {"district_code":"GJ-RJ","district_name":"Rajkot","state_code":"GJ","total_villages":1456,"geometry":{"type":"Polygon","coordinates":[[[70.7,22.2],[71.1,22.2],[71.1,22.6],[70.7,22.6],[70.7,22.2]]]}},
  
  {"district_code":"RJ-JP","district_name":"Jaipur","state_code":"RJ","total_villages":1890,"geometry":{"type":"Polygon","coordinates":[[[75.6,26.7],[76.0,26.7],[76.0,27.1],[75.6,27.1],[75.6,26.7]]]}},
  {"district_code":"RJ-JD","district_name":"Jodhpur","state_code":"RJ","total_villages":1567,"geometry":{"type":"Polygon","coordinates":[[[72.9,26.1],[73.3,26.1],[73.3,26.5],[72.9,26.5],[72.9,26.1]]]}},
  {"district_code":"RJ-UD","district_name":"Udaipur","state_code":"RJ","total_villages":1678,"geometry":{"type":"Polygon","coordinates":[[[73.6,24.4],[74.0,24.4],[74.0,24.8],[73.6,24.8],[73.6,24.4]]]}},
  {"district_code":"RJ-KT","district_name":"Kota","state_code":"RJ","total_villages":1234,"geometry":{"type":"Polygon","coordinates":[[[75.8,24.9],[76.2,24.9],[76.2,25.3],[75.8,25.3],[75.8,24.9]]]}},
  
  {"district_code":"UP-LC","district_name":"Lucknow","state_code":"UP","total_villages":2345,"geometry":{"type":"Polygon","coordinates":[[[80.8,26.7],[81.2,26.7],[81.2,27.1],[80.8,27.1],[80.8,26.7]]]}},
  {"district_code":"UP-KN","district_name":"Kanpur","state_code":"UP","total_villages":2123,"geometry":{"type":"Polygon","coordinates":[[[80.2,26.3],[80.6,26.3],[80.6,26.7],[80.2,26.7],[80.2,26.3]]]}},
  {"district_code":"UP-AG","district_name":"Agra","state_code":"UP","total_villages":1890,"geometry":{"type":"Polygon","coordinates":[[[77.9,27.0],[78.3,27.0],[78.3,27.4],[77.9,27.4],[77.9,27.0]]]}},
  {"district_code":"UP-VR","district_name":"Varanasi","state_code":"UP","total_villages":1678,"geometry":{"type":"Polygon","coordinates":[[[82.9,25.2],[83.3,25.2],[83.3,25.6],[82.9,25.6],[82.9,25.2]]]}},
  
  {"district_code":"BR-PT","district_name":"Patna","state_code":"BR","total_villages":2234,"geometry":{"type":"Polygon","coordinates":[[[85.0,25.5],[85.4,25.5],[85.4,25.9],[85.0,25.9],[85.0,25.5]]]}},
  {"district_code":"BR-GA","district_name":"Gaya","state_code":"BR","total_villages":1890,"geometry":{"type":"Polygon","coordinates":[[[84.9,24.7],[85.3,24.7],[85.3,25.1],[84.9,25.1],[84.9,24.7]]]}},
  {"district_code":"BR-BH","district_name":"Bhagalpur","state_code":"BR","total_villages":1678,"geometry":{"type":"Polygon","coordinates":[[[86.9,25.1],[87.3,25.1],[87.3,25.5],[86.9,25.5],[86.9,25.1]]]}},
  {"district_code":"BR-MZ","district_name":"Muzaffarpur","state_code":"BR","total_villages":1567,"geometry":{"type":"Polygon","coordinates":[[[85.3,26.0],[85.7,26.0],[85.7,26.4],[85.3,26.4],[85.3,26.0]]]}},
  
  {"district_code":"WB-KO","district_name":"Kolkata","state_code":"WB","total_villages":876,"geometry":{"type":"Polygon","coordinates":[[[88.3,22.5],[88.5,22.5],[88.5,22.7],[88.3,22.7],[88.3,22.5]]]}},
  {"district_code":"WB-DG","district_name":"Darjeeling","state_code":"WB","total_villages":1234,"geometry":{"type":"Polygon","coordinates":[[[88.2,26.9],[88.6,26.9],[88.6,27.3],[88.2,27.3],[88.2,26.9]]]}},
  {"district_code":"WB-AS","district_name":"Asansol","state_code":"WB","total_villages":1456,"geometry":{"type":"Polygon","coordinates":[[[86.9,23.6],[87.3,23.6],[87.3,24.0],[86.9,24.0],[86.9,23.6]]]}},
  {"district_code":"WB-SI","district_name":"Siliguri","state_code":"WB","total_villages":1123,"geometry":{"type":"Polygon","coordinates":[[[88.3,26.6],[88.7,26.6],[88.7,27.0],[88.3,27.0],[88.3,26.6]]]}},
  
  {"district_code":"AS-GU","district_name":"Guwahati","state_code":"AS","total_villages":1567,"geometry":{"type":"Polygon","coordinates":[[[91.6,26.0],[92.0,26.0],[92.0,26.4],[91.6,26.4],[91.6,26.0]]]}},
  {"district_code":"AS-DI","district_name":"Dibrugarh","state_code":"AS","total_villages":1234,"geometry":{"type":"Polygon","coordinates":[[[94.8,27.4],[95.2,27.4],[95.2,27.8],[94.8,27.8],[94.8,27.4]]]}},
  {"district_code":"AS-SI","district_name":"Silchar","state_code":"AS","total_villages":1345,"geometry":{"type":"Polygon","coordinates":[[[92.7,24.7],[93.1,24.7],[93.1,25.1],[92.7,25.1],[92.7,24.7]]]}},
  {"district_code":"AS-JO","district_name":"Jorhat","state_code":"AS","total_villages":1123,"geometry":{"type":"Polygon","coordinates":[[[94.1,26.6],[94.5,26.6],[94.5,27.0],[94.1,27.0],[94.1,26.6]]]}},
  
  {"district_code":"TN-CH","district_name":"Chennai","state_code":"TN","total_villages":765,"geometry":{"type":"Polygon","coordinates":[[[80.2,13.0],[80.4,13.0],[80.4,13.2],[80.2,13.2],[80.2,13.0]]]}},
  {"district_code":"TN-CO","district_name":"Coimbatore","state_code":"TN","total_villages":1234,"geometry":{"type":"Polygon","coordinates":[[[76.9,10.9],[77.3,10.9],[77.3,11.3],[76.9,11.3],[76.9,10.9]]]}},
  {"district_code":"TN-MD","district_name":"Madurai","state_code":"TN","total_villages":1456,"geometry":{"type":"Polygon","coordinates":[[[78.0,9.8],[78.4,9.8],[78.4,10.2],[78.0,10.2],[78.0,9.8]]]}},
  {"district_code":"TN-TR","district_name":"Tiruchirappalli","state_code":"TN","total_villages":1123,"geometry":{"type":"Polygon","coordinates":[[[78.6,10.7],[79.0,10.7],[79.0,11.1],[78.6,11.1],[78.6,10.7]]]}},
  
  {"district_code":"KA-BG","district_name":"Bengaluru","state_code":"KA","total_villages":987,"geometry":{"type":"Polygon","coordinates":[[[77.5,12.9],[77.7,12.9],[77.7,13.1],[77.5,13.1],[77.5,12.9]]]}},
  {"district_code":"KA-MY","district_name":"Mysuru","state_code":"KA","total_villages":1345,"geometry":{"type":"Polygon","coordinates":[[[76.6,12.2],[77.0,12.2],[77.0,12.6],[76.6,12.6],[76.6,12.2]]]}},
  {"district_code":"KA-MN","district_name":"Mangaluru","state_code":"KA","total_villages":1234,"geometry":{"type":"Polygon","coordinates":[[[74.8,12.8],[75.2,12.8],[75.2,13.2],[74.8,13.2],[74.8,12.8]]]}},
  {"district_code":"KA-HU","district_name":"Hubballi","state_code":"KA","total_villages":1456,"geometry":{"type":"Polygon","coordinates":[[[75.0,15.3],[75.4,15.3],[75.4,15.7],[75.0,15.7],[75.0,15.3]]]}},
  
  {"district_code":"KL-TV","district_name":"Thiruvananthapuram","state_code":"KL","total_villages":876,"geometry":{"type":"Polygon","coordinates":[[[76.9,8.4],[77.1,8.4],[77.1,8.6],[76.9,8.6],[76.9,8.4]]]}},
  {"district_code":"KL-KC","district_name":"Kochi","state_code":"KL","total_villages":765,"geometry":{"type":"Polygon","coordinates":[[[76.2,9.9],[76.4,9.9],[76.4,10.1],[76.2,10.1],[76.2,9.9]]]}},
  {"district_code":"KL-KZ","district_name":"Kozhikode","state_code":"KL","total_villages":654,"geometry":{"type":"Polygon","coordinates":[[[75.7,11.2],[75.9,11.2],[75.9,11.4],[75.7,11.4],[75.7,11.2]]]}},
  {"district_code":"KL-TR","district_name":"Thrissur","state_code":"KL","total_villages":543,"geometry":{"type":"Polygon","coordinates":[[[76.2,10.5],[76.4,10.5],[76.4,10.7],[76.2,10.7],[76.2,10.5]]]}},
  
  {"district_code":"AP-VS","district_name":"Visakhapatnam","state_code":"AP","total_villages":1234,"geometry":{"type":"Polygon","coordinates":[[[83.2,17.6],[83.4,17.6],[83.4,17.8],[83.2,17.8],[83.2,17.6]]]}},
  {"district_code":"AP-VJ","district_name":"Vijayawada","state_code":"AP","total_villages":1456,"geometry":{"type":"Polygon","coordinates":[[[80.6,16.5],[80.8,16.5],[80.8,16.7],[80.6,16.7],[80.6,16.5]]]}},
  {"district_code":"AP-TP","district_name":"Tirupati","state_code":"AP","total_villages":1123,"geometry":{"type":"Polygon","coordinates":[[[79.4,13.6],[79.6,13.6],[79.6,13.8],[79.4,13.8],[79.4,13.6]]]}},
  {"district_code":"AP-GN","district_name":"Guntur","state_code":"AP","total_villages":1345,"geometry":{"type":"Polygon","coordinates":[[[80.4,16.2],[80.6,16.2],[80.6,16.4],[80.4,16.4],[80.4,16.2]]]}},
  
  {"district_code":"TS-HY","district_name":"Hyderabad","state_code":"TS","total_villages":876,"geometry":{"type":"Polygon","coordinates":[[[78.4,17.3],[78.6,17.3],[78.6,17.5],[78.4,17.5],[78.4,17.3]]]}},
  {"district_code":"TS-WR","district_name":"Warangal","state_code":"TS","total_villages":1234,"geometry":{"type":"Polygon","coordinates":[[[79.5,17.9],[79.7,17.9],[79.7,18.1],[79.5,18.1],[79.5,17.9]]]}},
  {"district_code":"TS-NZ","district_name":"Nizamabad","state_code":"TS","total_villages":1456,"geometry":{"type":"Polygon","coordinates":[[[78.0,18.6],[78.2,18.6],[78.2,18.8],[78.0,18.8],[78.0,18.6]]]}},
  {"district_code":"TS-KR","district_name":"Karimnagar","state_code":"TS","total_villages":1123,"geometry":{"type":"Polygon","coordinates":[[[79.1,18.4],[79.3,18.4],[79.3,18.6],[79.1,18.6],[79.1,18.4]]]}},
  
  {"district_code":"PB-CH","district_name":"Chandigarh","state_code":"PB","total_villages":654,"geometry":{"type":"Polygon","coordinates":[[[76.7,30.7],[76.9,30.7],[76.9,30.9],[76.7,30.9],[76.7,30.7]]]}},
  {"district_code":"PB-LU","district_name":"Ludhiana","state_code":"PB","total_villages":1234,"geometry":{"type":"Polygon","coordinates":[[[75.8,30.8],[76.0,30.8],[76.0,31.0],[75.8,31.0],[75.8,30.8]]]}},
  {"district_code":"PB-AM","district_name":"Amritsar","state_code":"PB","total_villages":1456,"geometry":{"type":"Polygon","coordinates":[[[74.8,31.6],[75.0,31.6],[75.0,31.8],[74.8,31.8],[74.8,31.6]]]}},
  {"district_code":"PB-JA","district_name":"Jalandhar","state_code":"PB","total_villages":1123,"geometry":{"type":"Polygon","coordinates":[[[75.5,31.3],[75.7,31.3],[75.7,31.5],[75.5,31.5],[75.5,31.3]]]}},
  
  {"district_code":"HR-GU","district_name":"Gurugram","state_code":"HR","total_villages":876,"geometry":{"type":"Polygon","coordinates":[[[76.9,28.4],[77.1,28.4],[77.1,28.6],[76.9,28.6],[76.9,28.4]]]}},
  {"district_code":"HR-FA","district_name":"Faridabad","state_code":"HR","total_villages":765,"geometry":{"type":"Polygon","coordinates":[[[77.3,28.4],[77.5,28.4],[77.5,28.6],[77.3,28.6],[77.3,28.4]]]}},
  {"district_code":"HR-PK","district_name":"Panchkula","state_code":"HR","total_villages":654,"geometry":{"type":"Polygon","coordinates":[[[76.8,30.6],[77.0,30.6],[77.0,30.8],[76.8,30.8],[76.8,30.6]]]}},
  {"district_code":"HR-HI","district_name":"Hisar","state_code":"HR","total_villages":987,"geometry":{"type":"Polygon","coordinates":[[[75.7,29.1],[75.9,29.1],[75.9,29.3],[75.7,29.3],[75.7,29.1]]]}},
  
  {"district_code":"HP-SH","district_name":"Shimla","state_code":"HP","total_villages":1234,"geometry":{"type":"Polygon","coordinates":[[[77.1,31.0],[77.3,31.0],[77.3,31.2],[77.1,31.2],[77.1,31.0]]]}},
  {"district_code":"HP-DH","district_name":"Dharamshala","state_code":"HP","total_villages":1123,"geometry":{"type":"Polygon","coordinates":[[[76.3,32.2],[76.5,32.2],[76.5,32.4],[76.3,32.4],[76.3,32.2]]]}},
  {"district_code":"HP-MN","district_name":"Manali","state_code":"HP","total_villages":876,"geometry":{"type":"Polygon","coordinates":[[[77.1,32.2],[77.3,32.2],[77.3,32.4],[77.1,32.4],[77.1,32.2]]]}},
  {"district_code":"HP-KU","district_name":"Kullu","state_code":"HP","total_villages":987,"geometry":{"type":"Polygon","coordinates":[[[77.0,31.9],[77.2,31.9],[77.2,32.1],[77.0,32.1],[77.0,31.9]]]}},
  
  {"district_code":"UK-DE","district_name":"Dehradun","state_code":"UK","total_villages":1456,"geometry":{"type":"Polygon","coordinates":[[[78.0,30.3],[78.2,30.3],[78.2,30.5],[78.0,30.5],[78.0,30.3]]]}},
  {"district_code":"UK-HA","district_name":"Haridwar","state_code":"UK","total_villages":1234,"geometry":{"type":"Polygon","coordinates":[[[78.1,29.9],[78.3,29.9],[78.3,30.1],[78.1,30.1],[78.1,29.9]]]}},
  {"district_code":"UK-NA","district_name":"Nainital","state_code":"UK","total_villages":1123,"geometry":{"type":"Polygon","coordinates":[[[79.4,29.3],[79.6,29.3],[79.6,29.5],[79.4,29.5],[79.4,29.3]]]}},
  {"district_code":"UK-RU","district_name":"Rudraprayag","state_code":"UK","total_villages":876,"geometry":{"type":"Polygon","coordinates":[[[78.9,30.2],[79.1,30.2],[79.1,30.4],[78.9,30.4],[78.9,30.2]]]}}
]
