[
  {
    "state_code": "JH",
    "state_name": "Jharkhand",
    "total_districts": 24,
    "total_villages": 32620,
    "geometry": {"type": "Polygon", "coordinates": [[[83.3, 21.9], [87.9, 21.9], [87.9, 25.3], [83.3, 25.3], [83.3, 21.9]]]}
  },
  {
    "state_code": "MP",
    "state_name": "Madhya Pradesh",
    "total_districts": 52,
    "total_villages": 54903,
    "geometry": {"type": "Polygon", "coordinates": [[[74.0, 21.0], [82.8, 21.0], [82.8, 26.9], [74.0, 26.9], [74.0, 21.0]]]}
  },
  {
    "state_code": "CG",
    "state_name": "Chhattisgarh",
    "total_districts": 27,
    "total_villages": 20126,
    "geometry": {"type": "Polygon", "coordinates": [[[80.2, 17.8], [84.4, 17.8], [84.4, 24.1], [80.2, 24.1], [80.2, 17.8]]]}
  },
  {
    "state_code": "OR",
    "state_name": "Odisha",
    "total_districts": 30,
    "total_villages": 51313,
    "geometry": {"type": "Polygon", "coordinates": [[[81.3, 17.8], [87.5, 17.8], [87.5, 22.6], [81.3, 22.6], [81.3, 17.8]]]}
  },
  {
    "state_code": "MH",
    "state_name": "Maharashtra",
    "total_districts": 36,
    "total_villages": 43665,
    "geometry": {"type": "Polygon", "coordinates": [[[72.6, 15.6], [80.9, 15.6], [80.9, 22.0], [72.6, 22.0], [72.6, 15.6]]]}
  },
  {
    "state_code": "GJ",
    "state_name": "Gujarat",
    "total_districts": 33,
    "total_villages": 18618,
    "geometry": {"type": "Polygon", "coordinates": [[[68.2, 20.1], [74.5, 20.1], [74.5, 24.7], [68.2, 24.7], [68.2, 20.1]]]}
  },
  {
    "state_code": "RJ",
    "state_name": "Rajasthan",
    "total_districts": 33,
    "total_villages": 44794,
    "geometry": {"type": "Polygon", "coordinates": [[[69.5, 23.0], [78.3, 23.0], [78.3, 30.2], [69.5, 30.2], [69.5, 23.0]]]}
  },
  {
    "state_code": "UP",
    "state_name": "Uttar Pradesh",
    "total_districts": 75,
    "total_villages": 107452,
    "geometry": {"type": "Polygon", "coordinates": [[[77.1, 24.0], [84.6, 24.0], [84.6, 30.4], [77.1, 30.4], [77.1, 24.0]]]}
  },
  {
    "state_code": "BR",
    "state_name": "Bihar",
    "total_districts": 38,
    "total_villages": 45103,
    "geometry": {"type": "Polygon", "coordinates": [[[83.3, 24.3], [88.3, 24.3], [88.3, 27.5], [83.3, 27.5], [83.3, 24.3]]]}
  },
  {
    "state_code": "WB",
    "state_name": "West Bengal",
    "total_districts": 23,
    "total_villages": 40782,
    "geometry": {"type": "Polygon", "coordinates": [[[85.8, 21.5], [89.9, 21.5], [89.9, 27.2], [85.8, 27.2], [85.8, 21.5]]]}
  },
  {
    "state_code": "AS",
    "state_name": "Assam",
    "total_districts": 33,
    "total_villages": 26395,
    "geometry": {"type": "Polygon", "coordinates": [[[89.7, 24.1], [96.0, 24.1], [96.0, 28.2], [89.7, 28.2], [89.7, 24.1]]]}
  },
  {
    "state_code": "TN",
    "state_name": "Tamil Nadu",
    "total_districts": 38,
    "total_villages": 15979,
    "geometry": {"type": "Polygon", "coordinates": [[[76.2, 8.1], [80.3, 8.1], [80.3, 13.6], [76.2, 13.6], [76.2, 8.1]]]}
  },
  {
    "state_code": "KA",
    "state_name": "Karnataka",
    "total_districts": 31,
    "total_villages": 29406,
    "geometry": {"type": "Polygon", "coordinates": [[[74.1, 11.6], [78.6, 11.6], [78.6, 18.5], [74.1, 18.5], [74.1, 11.6]]]}
  },
  {
    "state_code": "KL",
    "state_name": "Kerala",
    "total_districts": 14,
    "total_villages": 1664,
    "geometry": {"type": "Polygon", "coordinates": [[[74.9, 8.3], [77.4, 8.3], [77.4, 12.8], [74.9, 12.8], [74.9, 8.3]]]}
  },
  {
    "state_code": "AP",
    "state_name": "Andhra Pradesh",
    "total_districts": 26,
    "total_villages": 13326,
    "geometry": {"type": "Polygon", "coordinates": [[[76.8, 12.6], [84.8, 12.6], [84.8, 19.9], [76.8, 19.9], [76.8, 12.6]]]}
  },
  {
    "state_code": "TS",
    "state_name": "Telangana",
    "total_districts": 33,
    "total_villages": 12751,
    "geometry": {"type": "Polygon", "coordinates": [[[77.2, 15.8], [81.3, 15.8], [81.3, 19.9], [77.2, 19.9], [77.2, 15.8]]]}
  },
  {
    "state_code": "PB",
    "state_name": "Punjab",
    "total_districts": 23,
    "total_villages": 12581,
    "geometry": {"type": "Polygon", "coordinates": [[[73.9, 29.5], [76.9, 29.5], [76.9, 32.6], [73.9, 32.6], [73.9, 29.5]]]}
  },
  {
    "state_code": "HR",
    "state_name": "Haryana",
    "total_districts": 22,
    "total_villages": 6841,
    "geometry": {"type": "Polygon", "coordinates": [[[74.5, 27.7], [77.6, 27.7], [77.6, 30.9], [74.5, 30.9], [74.5, 27.7]]]}
  },
  {
    "state_code": "HP",
    "state_name": "Himachal Pradesh",
    "total_districts": 12,
    "total_villages": 20690,
    "geometry": {"type": "Polygon", "coordinates": [[[75.6, 30.4], [79.0, 30.4], [79.0, 33.2], [75.6, 33.2], [75.6, 30.4]]]}
  },
  {
    "state_code": "UK",
    "state_name": "Uttarakhand",
    "total_districts": 13,
    "total_villages": 16826,
    "geometry": {"type": "Polygon", "coordinates": [[[77.6, 28.7], [81.0, 28.7], [81.0, 31.5], [77.6, 31.5], [77.6, 28.7]]]}
  }
]
