[
  {
    "village_code": "JH-RN-001",
    "village_name": "Kanke",
    "district_code": "JH-RN",
    "population": 8500,
    "geometry": {
      "type": "Polygon",
      "coordinates": [
        [
          [85.32, 23.42],
          [85.35, 23.42],
          [85.35, 23.45],
          [85.32, 23.45],
          [85.32, 23.42]
        ]
      ]
    }
  },
  {
    "village_code": "JH-RN-002",
    "village_name": "Namkum",
    "district_code": "JH-RN",
    "population": 12300,
    "geometry": {
      "type": "Polygon",
      "coordinates": [
        [
          [85.28, 23.38],
          [85.31, 23.38],
          [85.31, 23.41],
          [85.28, 23.41],
          [85.28, 23.38]
        ]
      ]
    }
  },
  {
    "village_code": "JH-RN-003",
    "village_name": "Ormanjhi",
    "district_code": "JH-RN",
    "population": 9800,
    "geometry": {
      "type": "Polygon",
      "coordinates": [
        [
          [85.25, 23.30],
          [85.28, 23.30],
          [85.28, 23.33],
          [85.25, 23.33],
          [85.25, 23.30]
        ]
      ]
    }
  },
  {
    "village_code": "JH-DH-001",
    "village_name": "Jharia",
    "district_code": "JH-DH",
    "population": 15600,
    "geometry": {
      "type": "Polygon",
      "coordinates": [
        [
          [86.41, 23.74],
          [86.44, 23.74],
          [86.44, 23.77],
          [86.41, 23.77],
          [86.41, 23.74]
        ]
      ]
    }
  },
  {
    "village_code": "JH-DH-002",
    "village_name": "Sindri",
    "district_code": "JH-DH",
    "population": 11200,
    "geometry": {
      "type": "Polygon",
      "coordinates": [
        [
          [86.45, 23.68],
          [86.48, 23.68],
          [86.48, 23.71],
          [86.45, 23.71],
          [86.45, 23.68]
        ]
      ]
    }
  },
  {
    "village_code": "JH-DH-003",
    "village_name": "Katras",
    "district_code": "JH-DH",
    "population": 8900,
    "geometry": {
      "type": "Polygon",
      "coordinates": [
        [
          [86.30, 23.80],
          [86.33, 23.80],
          [86.33, 23.83],
          [86.30, 23.83],
          [86.30, 23.80]
        ]
      ]
    }
  },
  {
    "village_code": "JH-JM-001",
    "village_name": "Mango",
    "district_code": "JH-JM",
    "population": 14500,
    "geometry": {
      "type": "Polygon",
      "coordinates": [
        [
          [86.18, 22.85],
          [86.21, 22.85],
          [86.21, 22.88],
          [86.18, 22.88],
          [86.18, 22.85]
        ]
      ]
    }
  },
  {
    "village_code": "JH-JM-002",
    "village_name": "Jugsalai",
    "district_code": "JH-JM",
    "population": 13200,
    "geometry": {
      "type": "Polygon",
      "coordinates": [
        [
          [86.15, 22.78],
          [86.18, 22.78],
          [86.18, 22.81],
          [86.15, 22.81],
          [86.15, 22.78]
        ]
      ]
    }
  },
  {
    "village_code": "JH-HZ-001",
    "village_name": "Barhi",
    "district_code": "JH-HZ",
    "population": 7800,
    "geometry": {
      "type": "Polygon",
      "coordinates": [
        [
          [85.42, 24.05],
          [85.45, 24.05],
          [85.45, 24.08],
          [85.42, 24.08],
          [85.42, 24.05]
        ]
      ]
    }
  },
  {
    "village_code": "JH-HZ-002",
    "village_name": "Chatra",
    "district_code": "JH-HZ",
    "population": 9200,
    "geometry": {
      "type": "Polygon",
      "coordinates": [
        [
          [85.38, 24.12],
          [85.41, 24.12],
          [85.41, 24.15],
          [85.38, 24.15],
          [85.38, 24.12]
        ]
      ]
    }
  },
  {
    "village_code": "JH-GI-001",
    "village_name": "Bengabad",
    "district_code": "JH-GI",
    "population": 6500,
    "geometry": {
      "type": "Polygon",
      "coordinates": [
        [
          [86.22, 24.18],
          [86.25, 24.18],
          [86.25, 24.21],
          [86.22, 24.21],
          [86.22, 24.18]
        ]
      ]
    }
  },
  {
    "village_code": "JH-BK-001",
    "village_name": "Chas",
    "district_code": "JH-BK",
    "population": 10800,
    "geometry": {
      "type": "Polygon",
      "coordinates": [
        [
          [85.92, 23.65],
          [85.95, 23.65],
          [85.95, 23.68],
          [85.92, 23.68],
          [85.92, 23.65]
        ]
      ]
    }
  },
  {
    "village_code": "JH-DU-001",
    "village_name": "Shikaripara",
    "district_code": "JH-DU",
    "population": 5600,
    "geometry": {
      "type": "Polygon",
      "coordinates": [
        [
          [87.22, 24.25],
          [87.25, 24.25],
          [87.25, 24.28],
          [87.22, 24.28],
          [87.22, 24.25]
        ]
      ]
    }
  },
  {
    "village_code": "JH-DE-001",
    "village_name": "Jasidih",
    "district_code": "JH-DE",
    "population": 8700,
    "geometry": {
      "type": "Polygon",
      "coordinates": [
        [
          [86.68, 24.52],
          [86.71, 24.52],
          [86.71, 24.55],
          [86.68, 24.55],
          [86.68, 24.52]
        ]
      ]
    }
  },
  {
    "village_code": "MP-BH-001",
    "village_name": "Berasia",
    "district_code": "MP-BH",
    "population": 25000,
    "geometry": {
      "type": "Polygon",
      "coordinates": [
        [
          [77.40, 23.55],
          [77.43, 23.55],
          [77.43, 23.53],
          [77.40, 23.53],
          [77.40, 23.55]
        ]
      ]
    }
  },
  {
    "village_code": "MP-BH-002",
    "village_name": "Kolar",
    "district_code": "MP-BH",
    "population": 18000,
    "geometry": {
      "type": "Polygon",
      "coordinates": [
        [
          [77.41, 23.13],
          [77.44, 23.13],
          [77.44, 23.11],
          [77.41, 23.11],
          [77.41, 23.13]
        ]
      ]
    }
  },
  {
    "village_code": "MP-SE-001",
    "village_name": "Ashta",
    "district_code": "MP-SE",
    "population": 12500,
    "geometry": {
      "type": "Polygon",
      "coordinates": [
        [
          [77.05, 23.02],
          [77.10, 23.02],
          [77.10, 22.98],
          [77.05, 22.98],
          [77.05, 23.02]
        ]
      ]
    }
  },
  {
    "village_code": "MP-MA-001",
    "village_name": "Bichhiya",
    "district_code": "MP-MA",
    "population": 8500,
    "geometry": {
      "type": "Polygon",
      "coordinates": [
        [
          [80.62, 22.12],
          [80.66, 22.12],
          [80.66, 22.08],
          [80.62, 22.08],
          [80.62, 22.12]
        ]
      ]
    }
  },
  {
    "village_code": "MP-DI-001",
    "village_name": "Samnapur",
    "district_code": "MP-DI",
    "population": 6800,
    "geometry": {
      "type": "Polygon",
      "coordinates": [
        [
          [81.06, 22.92],
          [81.10, 22.92],
          [81.10, 22.88],
          [81.06, 22.88],
          [81.06, 22.92]
        ]
      ]
    }
  },
  {
    "village_code": "MP-BE-001",
    "village_name": "Athner",
    "district_code": "MP-BE",
    "population": 9200,
    "geometry": {
      "type": "Polygon",
      "coordinates": [
        [
          [77.92, 21.72],
          [77.96, 21.72],
          [77.96, 21.68],
          [77.92, 21.68],
          [77.92, 21.72]
        ]
      ]
    }
  }
]
