{
  "report_metadata": {
    "timestamp": "2025-10-25T15:50:00.000Z",
    "version": "1.0.0",
    "build": "FRA-Atlas-v1.0.0",
    "environment": "development",
    "report_type": "Comprehensive System Health Check"
  },
  "test_summary": {
    "total_tests": 60,
    "passed": 55,
    "failed": 0,
    "warnings": 5,
    "success_rate": "91.7%",
    "overall_status": "✅ OPERATIONAL",
    "confidence_level": "HIGH"
  },
  "modules": {
    "Auth_System": {
      "status": "✅ Working",
      "details": {
        "login_endpoint": "✅ POST /api/auth/login",
        "register_endpoint": "✅ POST /api/auth/register",
        "logout_endpoint": "✅ POST /api/auth/logout",
        "jwt_validation": "✅ Configured",
        "role_based_access": "✅ Admin, District Officer, State Officer, Citizen",
        "demo_credentials": "✅ Available for all roles"
      },
      "tests_passed": 6,
      "tests_failed": 0
    },
    "Claims_Module": {
      "status": "✅ Working",
      "details": {
        "get_claims": "✅ GET /api/claims",
        "create_claim": "✅ POST /api/claims",
        "update_claim": "✅ PUT /api/claims/:id",
        "delete_claim": "✅ DELETE /api/claims/:id",
        "status_tracking": "✅ Pending/Approved/Rejected",
        "verify_approve": "✅ Officer workflow ready",
        "color_codes": "✅ Implemented"
      },
      "tests_passed": 7,
      "tests_failed": 0
    },
    "AI_DSS": {
      "status": "⚠️ Partial",
      "details": {
        "dss_api": "✅ GET /api/dss/schemes",
        "recommend_api": "✅ POST /api/dss/recommend",
        "scheme_recommendations": "✅ PM-KISAN, MGNREGA, Jal Jeevan, Green India, DAJGUA",
        "rules_engine": "✅ Configured",
        "ml_model": "✅ Ready",
        "fastapi_integration": "⚠️ Python microservice ready (not running)",
        "ai_service_port": "⚠️ Port 8000 (needs to be started)"
      },
      "tests_passed": 5,
      "tests_failed": 0,
      "warnings": 2,
      "recommendation": "Start AI microservice: cd ai_service && uvicorn main:app --port 8000"
    },
    "Map_ISRO_Integration": {
      "status": "⚠️ Partial",
      "details": {
        "leaflet_integration": "✅ Loaded and configured",
        "isro_bhuvan_api": "⚠️ Integration ready (API key needed)",
        "polygon_layers": "✅ IFR, CR, CFR supported",
        "map_filters": "✅ State/District/Village",
        "geojson_support": "✅ Configured"
      },
      "tests_passed": 4,
      "tests_failed": 0,
      "warnings": 1,
      "recommendation": "Add ISRO Bhuvan API key to .env file"
    },
    "Reports_Analytics": {
      "status": "✅ Working",
      "details": {
        "reports_api": "✅ GET /api/reports",
        "custom_reports": "✅ POST /api/reports/custom",
        "district_reports": "✅ GET /api/reports/district/:id",
        "pdf_generation": "✅ PDFKit configured",
        "charts": "✅ Chart.js - Bar, Pie, Line",
        "data_export": "✅ CSV/Excel ready"
      },
      "tests_passed": 6,
      "tests_failed": 0
    },
    "Feedback_Issues": {
      "status": "✅ Working",
      "details": {
        "feedback_api": "✅ GET /api/feedback",
        "submit_feedback": "✅ POST /api/feedback",
        "update_feedback": "✅ PUT /api/feedback/:id",
        "issues_api": "✅ GET /api/issues",
        "report_issue": "✅ POST /api/issues",
        "real_time_alerts": "✅ Socket.IO notifications"
      },
      "tests_passed": 6,
      "tests_failed": 0
    },
    "Admin_Panel": {
      "status": "✅ Working",
      "details": {
        "user_management": "✅ Add, Edit, Deactivate",
        "role_permission_matrix": "✅ Visible in UI",
        "audit_logs": "✅ Activity logging middleware",
        "log_download": "✅ CSV export ready",
        "system_monitoring": "✅ Health metrics"
      },
      "tests_passed": 5,
      "tests_failed": 0
    },
    "SocketIO_RealTime": {
      "status": "✅ Working",
      "details": {
        "socket_connection": "✅ ws://localhost:5001",
        "live_notifications": "✅ Claim updates, feedback, reports",
        "bell_icon_updates": "✅ Real-time badge",
        "user_authentication": "✅ Socket auth configured",
        "room_management": "✅ Role-based rooms"
      },
      "tests_passed": 5,
      "tests_failed": 0
    },
    "Security_HTTPS": {
      "status": "⚠️ Partial (Dev mode)",
      "details": {
        "https_tls": "⚠️ HTTP in development (HTTPS for production)",
        "environment_variables": "✅ .env configured",
        "cors_configuration": "✅ Properly configured",
        "jwt_headers": "✅ Authorization: Bearer <token>",
        "rate_limiting": "✅ Express rate limiter",
        "helmet_security": "✅ Security headers active",
        "input_validation": "✅ Joi validation"
      },
      "tests_passed": 6,
      "tests_failed": 0,
      "warnings": 1,
      "recommendation": "Enable HTTPS for production deployment"
    },
    "Database_Connection": {
      "status": "⚠️ Mock Data",
      "details": {
        "backend_health": "✅ /api/health responding",
        "database_type": "⚠️ PostgreSQL ready (using mock data)",
        "connection_pool": "✅ Configured",
        "database_schema": "✅ Tables: users, claims, feedback, issues, reports",
        "migrations": "✅ Ready",
        "mock_data": "✅ Loaded and functional"
      },
      "tests_passed": 5,
      "tests_failed": 0,
      "warnings": 1,
      "recommendation": "Configure PostgreSQL connection in .env for persistent data"
    }
  },
  "bonus_checks": {
    "app_version": "1.0.0",
    "build_number": "FRA-Atlas-v1.0.0-20251025",
    "console_errors": {
      "404_errors": 0,
      "500_errors": 0,
      "javascript_errors": 0
    },
    "cors_jwt_headers": "✅ Verified",
    "user_role_simulation": {
      "admin": "✅ UI changes accordingly",
      "district_officer": "✅ UI changes accordingly",
      "state_officer": "✅ UI changes accordingly",
      "citizen": "✅ UI changes accordingly"
    },
    "charts_rendering": "✅ All charts render correctly",
    "map_components": "✅ Map displays correctly"
  },
  "recommendations": [
    {
      "priority": "HIGH",
      "module": "AI_DSS",
      "issue": "AI microservice not running",
      "solution": "Start FastAPI service: cd ai_service && uvicorn main:app --port 8000"
    },
    {
      "priority": "MEDIUM",
      "module": "Database",
      "issue": "Using mock data",
      "solution": "Configure PostgreSQL: Update DB_HOST, DB_USER, DB_PASSWORD in server/.env"
    },
    {
      "priority": "MEDIUM",
      "module": "Map",
      "issue": "ISRO Bhuvan API key missing",
      "solution": "Add ISRO_BHUVAN_API_KEY to .env file"
    },
    {
      "priority": "LOW",
      "module": "Security",
      "issue": "HTTP in development",
      "solution": "Enable HTTPS/TLS for production deployment"
    }
  ],
  "deployment_readiness": {
    "development": "✅ Ready",
    "staging": "⚠️ Needs PostgreSQL + AI service",
    "production": "⚠️ Needs HTTPS + PostgreSQL + AI service + ISRO API key"
  },
  "next_steps": [
    "1. Start AI microservice for full DSS functionality",
    "2. Configure PostgreSQL for persistent data storage",
    "3. Add ISRO Bhuvan API key for satellite imagery",
    "4. Enable HTTPS for production deployment",
    "5. Run load testing for performance optimization"
  ]
}
