claim_id,applicant_name,land_area,forest_cover,water_index,soil_quality,state,district,village,claim_type,tribal_area,employment_needed,primary_scheme
FRA-JH-001,Ramesh Oraon,2.5,75.0,0.3,degraded,Jharkhand,Ranchi,Birsa Nagar,IFR,true,true,MGNREGA
FRA-JH-002,Sita Devi,1.8,45.0,0.6,good,Jharkhand,Ranchi,Kanke,CFR,true,false,PM-KISAN
FRA-JH-003,Mukesh Kumar,3.2,80.0,0.2,poor,Jharkhand,Dhanbad,Jharia,IFR,true,true,Jal Jeevan Mission
FRA-OR-004,Priya Sahoo,1.2,60.0,0.4,degraded,Odisha,Mayurbhanj,Baripada,IFR,true,true,DAJGUA
FRA-OR-005,Ravi Patel,2.8,35.0,0.7,good,Odisha,Keonjhar,Champua,CFR,true,false,PM-KISAN
FRA-CG-006,Sunita Yadav,4.5,85.0,0.3,good,Chhattisgarh,Bastar,Jagdalpur,CFR,true,false,Green India Mission
FRA-CG-007,Anil Singh,1.5,25.0,0.2,poor,Chhattisgarh,Raipur,Arang,IFR,false,true,Jal Jeevan Mission
FRA-MP-008,Geeta Sharma,2.1,70.0,0.5,degraded,Madhya Pradesh,Betul,Multai,IFR,true,true,MGNREGA
FRA-MP-009,Rajesh Verma,3.8,90.0,0.4,good,Madhya Pradesh,Mandla,Bichhiya,CFR,true,false,Green India Mission
FRA-JH-010,Kamala Devi,0.8,40.0,0.3,poor,Jharkhand,Gumla,Sisai,IFR,true,true,PMAY-G
FRA-OR-011,Bhushan Nayak,2.3,55.0,0.6,good,Odisha,Sundargarh,Rourkela,IFR,true,false,PM-KISAN
FRA-CG-012,Meera Sahu,1.9,65.0,0.2,degraded,Chhattisgarh,Durg,Bhilai,CFR,true,true,Jal Jeevan Mission
FRA-MP-013,Suresh Patel,3.5,45.0,0.8,good,Madhya Pradesh,Jabalpur,Sihora,IFR,false,false,PM-KISAN
FRA-JH-014,Lakshmi Oraon,1.4,75.0,0.3,poor,Jharkhand,Khunti,Murhu,IFR,true,true,DAJGUA
FRA-OR-015,Prakash Majhi,2.7,80.0,0.4,degraded,Odisha,Koraput,Jeypore,CFR,true,true,Green India Mission
FRA-CG-016,Radha Bai,1.1,30.0,0.2,poor,Chhattisgarh,Korba,Katghora,IFR,true,true,MGNREGA
FRA-MP-017,Dinesh Kumar,4.2,95.0,0.5,good,Madhya Pradesh,Seoni,Lakhnadon,CFR,true,false,Green India Mission
FRA-JH-018,Savita Kumari,2.0,50.0,0.3,degraded,Jharkhand,Simdega,Kolebira,IFR,true,true,Jal Jeevan Mission
FRA-OR-019,Ashok Behera,3.1,60.0,0.7,good,Odisha,Kandhamal,Phulbani,CFR,true,false,PM-KISAN
FRA-CG-020,Pushpa Devi,1.6,70.0,0.2,poor,Chhattisgarh,Surguja,Ambikapur,IFR,true,true,DAJGUA